[
  {
    "from": "A-4.2.1",
    "to": "A-4.2.2",
    "type": 1
  },
  {
    "from": "A-2",
    "to": "A-3",
    "type": 1
  },
  {
    "from": "A-4.1.1",
    "to": "A-4.1.2",
    "type": 1
  },
  {
    "from": "A-5.2",
    "to": "A-6.1",
    "type": 0
  },
  {
    "from": "A-3",
    "to": "A-4",
    "type": 1
  },
  {
    "from": "A-4.1.2",
    "to": "A-4.2.1",
    "type": 0
  },
  {
    "from": "A-1.2",
    "to": "A-1.3",
    "type": 1
  },
  {
    "from": "A-5.2",
    "to": "A-5.3",
    "type": 1
  },
  {
    "from": "A-1.1.1",
    "to": "A-1.1.2",
    "type": 1
  },
  {
    "from": "A-2.1",
    "to": "A-2.2",
    "type": 1
  },
  {
    "from": "A-1.1",
    "to": "A-1.2",
    "type": 1
  },
  {
    "from": "A-5.1",
    "to": "A-5.2",
    "type": 1
  },
  {
    "from": "A-1",
    "to": "A-2",
    "type": 1
  },
  {
    "from": "A-4",
    "to": "A-5",
    "type": 1
  }
]
