[
  {
    "activity": "A-1.3",
    "resource": "MS"
  },
  {
    "activity": "A-1.1.2",
    "resource": "SK"
  },
  {
    "activity": "A-6.1",
    "resource": "SL"
  },
  {
    "activity": "A-5.2",
    "resource": "LD"
  },
  {
    "activity": "A-4.1.2",
    "resource": "GH"
  },
  {
    "activity": "A-1.1.1",
    "resource": "MS"
  },
  {
    "activity": "A-4.4",
    "resource": "GH"
  },
  {
    "activity": "A-4.2.2",
    "resource": "GH"
  },
  {
    "activity": "A-6.1",
    "resource": "BR"
  },
  {
    "activity": "A-4.4",
    "resource": "LP"
  },
  {
    "activity": "A-2.2",
    "resource": "LP"
  },
  {
    "activity": "A-4",
    "resource": "LD"
  },
  {
    "activity": "A-4.2",
    "resource": "JH"
  },
  {
    "activity": "A-1.1.1",
    "resource": "LP"
  },
  {
    "activity": "A-6.3",
    "resource": "GH"
  },
  {
    "activity": "A-4.1.2",
    "resource": "TM"
  },
  {
    "activity": "A-5",
    "resource": "JH"
  },
  {
    "activity": "A-1.3",
    "resource": "BM"
  },
  {
    "activity": "A-3",
    "resource": "BM"
  },
  {
    "activity": "A-3",
    "resource": "JH"
  },
  {
    "activity": "A-2.1",
    "resource": "LP"
  },
  {
    "activity": "A-6.2",
    "resource": "LD"
  },
  {
    "activity": "A-6.3",
    "resource": "SL"
  },
  {
    "activity": "A-5.2",
    "resource": "SW"
  },
  {
    "activity": "A-5.3",
    "resource": "TM"
  },
  {
    "activity": "A-4.1",
    "resource": "SW"
  },
  {
    "activity": "A-1.1",
    "resource": "BM"
  },
  {
    "activity": "A-2.1",
    "resource": "MS"
  },
  {
    "activity": "A-4.4",
    "resource": "TM"
  },
  {
    "activity": "A-1.1.1",
    "resource": "SK"
  },
  {
    "activity": "A-3",
    "resource": "GH"
  },
  {
    "activity": "A-1.1.2",
    "resource": "LP"
  },
  {
    "activity": "A-4.3",
    "resource": "TM"
  },
  {
    "activity": "A-5.3",
    "resource": "SW"
  },
  {
    "activity": "A-6.2",
    "resource": "BR"
  },
  {
    "activity": "A-4.1.1",
    "resource": "TM"
  },
  {
    "activity": "A-1.2",
    "resource": "MS"
  },
  {
    "activity": "A-6.3",
    "resource": "MS"
  },
  {
    "activity": "A-1.3",
    "resource": "LD"
  },
  {
    "activity": "A-4.2.1",
    "resource": "TM"
  },
  {
    "activity": "A-4.3",
    "resource": "SW"
  },
  {
    "activity": "A-5.1",
    "resource": "LD"
  }
]
