[
  {
    "id": "JCOM",
    "name": "JCompany Employees",
    "quantity": "1.0",
    "parent": null
  },
  {
    "id": "MKT",
    "name": "Marketing",
    "quantity": "1.0",
    "parent": "JCOM"
  },
  {
    "id": "BM",
    "name": "Bill McDonald",
    "quantity": "1.0",
    "parent": "MKT"
  },
  {
    "id": "SK",
    "name": "Steve Knoll",
    "quantity": "1.0",
    "parent": "MKT"
  },
  {
    "id": "MS",
    "name": "Michael Smith",
    "quantity": "1.0",
    "parent": "MKT"
  },
  {
    "id": "LP",
    "name": "Luc Dupont",
    "quantity": "1.0",
    "parent": "MKT"
  },
  {
    "id": "RND",
    "name": "Research and Development",
    "quantity": "1.0",
    "parent": "JCOM"
  },
  {
    "id": "LD",
    "name": "Linus Dane",
    "quantity": "1.0",
    "parent": "RND"
  },
  {
    "id": "JH",
    "name": "James Hook",
    "quantity": "1.0",
    "parent": "RND"
  },
  {
    "id": "SW",
    "name": "Scott Washington",
    "quantity": "1.0",
    "parent": "RND"
  },
  {
    "id": "GH",
    "name": "Gill Hopper",
    "quantity": "1.0",
    "parent": "RND"
  },
  {
    "id": "TM",
    "name": "Thomas Monahan",
    "quantity": "1.0",
    "parent": "RND"
  },
  {
    "id": "DOC",
    "name": "Documentation",
    "quantity": "1.0",
    "parent": "JCOM"
  },
  {
    "id": "SL",
    "name": "Sandy Ladd",
    "quantity": "1.0",
    "parent": "DOC"
  },
  {
    "id": "BR",
    "name": "Bob Robertson",
    "quantity": "1.0",
    "parent": "DOC"
  }
]
